humidity,original_timestamp,processing_timestamp,sensor_id,source_partition,status,temperature,type
44.53,2025-04-11T07:19:15.923589,2025-04-11T07:19:28.105468,sensor_5,5,Warning,24.74,sensor
47.67,2025-04-11T07:19:26.026961,2025-04-11T07:19:28.123881,sensor_5,3,Normal,19.68,sensor
50.58,2025-04-11T07:19:28.043005,2025-04-11T07:19:28.228908,sensor_3,5,Normal,19.13,sensor
42.66,2025-04-11T07:19:18.951487,2025-04-11T07:19:27.951519,sensor_3,4,Low,18.53,sensor
48.19,2025-04-11T07:19:13.900668,2025-04-11T07:19:28.120180,sensor_4,3,Normal,20.15,sensor
46.22,2025-04-11T07:19:14.908279,2025-04-11T07:19:28.101539,sensor_5,5,Normal,19.39,sensor
46.9,2025-04-11T07:19:21.974885,2025-04-11T07:19:28.108987,sensor_5,5,Normal,22.43,sensor
44.85,2025-04-11T07:19:27.030558,2025-04-11T07:19:28.111095,sensor_5,5,Normal,19.97,sensor
50.89,2025-04-11T07:19:09.716877,2025-04-11T07:19:27.948376,sensor_3,4,Normal,23.81,sensor
58.4,2025-04-11T07:19:20.970236,2025-04-11T07:19:27.957172,sensor_1,4,Normal,21.8,sensor
59.37,2025-04-11T07:19:24.002518,2025-04-11T07:19:27.961611,sensor_3,4,Warning,24.91,sensor
42.93,2025-04-11T07:19:25.014581,2025-04-11T07:19:28.122080,sensor_5,3,Warning,24.17,sensor
47.68,2025-04-11T07:19:29.046335,2025-04-11T07:19:29.056700,sensor_2,5,Normal,20.23,sensor
54.54,2025-04-11T07:19:35.117755,2025-04-11T07:19:35.326109,sensor_5,3,Normal,23.06,sensor
48.07,2025-04-11T07:19:42.171974,2025-04-11T07:19:42.182355,sensor_4,3,Warning,24.55,sensor
53.18,2025-04-11T07:19:43.186438,2025-04-11T07:19:43.193972,sensor_1,4,Normal,23.55,sensor
57.13,2025-04-11T07:19:44.196180,2025-04-11T07:19:44.204789,sensor_3,4,Warning,24.24,sensor
53.35,2025-04-11T07:19:48.232880,2025-04-11T07:19:48.241410,sensor_4,4,Normal,21.22,sensor
51.49,2025-04-11T07:19:50.244923,2025-04-11T07:19:50.255223,sensor_4,4,Normal,20.1,sensor
56.82,2025-04-11T07:19:54.274199,2025-04-11T07:19:54.279271,sensor_5,4,Normal,19.73,sensor
55.0,2025-04-11T07:19:57.290925,2025-04-11T07:19:57.295592,sensor_5,3,Normal,23.06,sensor
47.75,2025-04-11T07:19:58.296330,2025-04-11T07:19:58.299254,sensor_2,5,Warning,24.41,sensor
46.58,2025-04-11T07:20:02.315224,2025-04-11T07:20:02.320266,sensor_4,4,Low,18.58,sensor
59.73,2025-04-11T07:20:03.323146,2025-04-11T07:20:03.326067,sensor_2,3,Normal,21.51,sensor
59.58,2025-04-11T07:20:04.328940,2025-04-11T07:20:04.330937,sensor_1,5,Normal,20.28,sensor
46.52,2025-04-11T07:20:05.332056,2025-04-11T07:20:05.337174,sensor_4,5,Warning,24.63,sensor
46.32,2025-04-11T07:20:08.349367,2025-04-11T07:20:08.354582,sensor_4,3,Normal,19.55,sensor
52.05,2025-04-11T07:20:11.373808,2025-04-11T07:20:11.381557,sensor_5,5,Normal,20.61,sensor
42.27,2025-04-11T07:20:14.400437,2025-04-11T07:20:14.408818,sensor_4,3,Low,18.96,sensor
55.2,2025-04-11T07:20:16.422583,2025-04-11T07:20:16.430775,sensor_2,3,Normal,21.66,sensor
58.31,2025-04-11T07:20:17.432445,2025-04-11T07:20:17.439465,sensor_2,5,Normal,19.71,sensor
50.45,2025-04-11T07:20:18.442151,2025-04-11T07:20:18.445123,sensor_1,3,Normal,23.27,sensor
56.37,2025-04-11T07:20:19.446995,2025-04-11T07:20:19.451007,sensor_4,3,Normal,23.51,sensor
59.49,2025-04-11T07:20:20.452294,2025-04-11T07:20:20.459880,sensor_3,4,Normal,20.56,sensor
49.98,2025-04-11T07:20:22.473076,2025-04-11T07:20:22.480900,sensor_3,3,Warning,24.92,sensor
44.55,2025-04-11T07:20:23.482062,2025-04-11T07:20:23.490339,sensor_5,4,Normal,22.88,sensor
48.03,2025-04-11T07:20:27.523499,2025-04-11T07:20:27.534573,sensor_4,3,Normal,22.44,sensor
47.09,2025-04-11T07:20:31.560186,2025-04-11T07:20:31.566488,sensor_2,4,Warning,25.0,sensor
49.76,2025-04-11T07:20:33.572810,2025-04-11T07:20:33.584227,sensor_1,5,Warning,24.4,sensor
49.94,2025-04-11T07:20:34.585276,2025-04-11T07:20:34.587299,sensor_5,4,Normal,20.13,sensor
48.25,2025-04-11T07:20:35.589094,2025-04-11T07:20:35.599290,sensor_3,5,Normal,19.06,sensor
58.27,2025-04-11T07:20:36.600380,2025-04-11T07:20:36.609899,sensor_2,3,Normal,19.51,sensor
53.85,2025-04-11T07:20:37.611552,2025-04-11T07:20:37.615060,sensor_2,5,Normal,21.34,sensor
47.25,2025-04-11T07:20:40.639872,2025-04-11T07:20:40.648830,sensor_1,4,Warning,24.83,sensor
41.49,2025-04-11T07:20:42.658820,2025-04-11T07:20:42.661483,sensor_5,5,Normal,22.08,sensor
58.8,2025-04-11T07:20:44.668944,2025-04-11T07:20:44.677358,sensor_1,4,Warning,24.92,sensor
50.12,2025-04-11T07:20:45.680491,2025-04-11T07:20:45.892200,sensor_3,3,Normal,22.55,sensor
52.34,2025-04-11T07:20:50.719338,2025-04-11T07:20:50.728466,sensor_3,5,Low,18.12,sensor
47.91,2025-04-11T07:20:53.750869,2025-04-11T07:20:53.756440,sensor_4,3,Warning,24.12,sensor
55.84,2025-04-11T07:20:54.758569,2025-04-11T07:20:54.767164,sensor_4,5,Normal,22.98,sensor
55.39,2025-04-11T07:20:58.794032,2025-04-11T07:20:58.795779,sensor_3,5,Low,18.42,sensor
53.12,2025-04-11T07:20:59.796129,2025-04-11T07:21:00.109260,sensor_1,4,Normal,23.47,sensor
40.39,2025-04-11T07:21:00.808177,2025-04-11T07:21:00.817087,sensor_5,4,Warning,24.35,sensor
51.56,2025-04-11T07:21:01.817935,2025-04-11T07:21:01.925304,sensor_5,3,Normal,19.53,sensor
43.25,2025-04-11T07:21:02.821432,2025-04-11T07:21:02.828176,sensor_3,5,Normal,19.73,sensor
55.3,2025-04-11T07:21:03.829626,2025-04-11T07:21:03.834842,sensor_3,3,Low,18.7,sensor
53.67,2025-04-11T07:21:08.864644,2025-04-11T07:21:08.963267,sensor_1,5,Normal,19.67,sensor
49.91,2025-04-11T07:21:09.870249,2025-04-11T07:21:10.289500,sensor_3,3,Normal,19.7,sensor
59.69,2025-04-11T07:21:10.877532,2025-04-11T07:21:10.879600,sensor_2,4,Low,18.03,sensor
51.13,2025-04-11T07:21:11.880913,2025-04-11T07:21:12.090102,sensor_2,5,Warning,24.97,sensor
42.55,2025-04-11T07:21:17.935659,2025-04-11T07:21:17.940555,sensor_2,3,Normal,23.32,sensor
41.82,2025-04-11T07:21:18.943143,2025-04-11T07:21:18.949963,sensor_3,4,Warning,24.41,sensor
53.74,2025-04-11T07:21:19.950541,2025-04-11T07:21:20.167136,sensor_3,4,Normal,20.61,sensor
44.62,2025-04-11T07:21:23.990536,2025-04-11T07:21:23.997629,sensor_1,3,Warning,24.26,sensor
59.98,2025-04-11T07:21:26.011899,2025-04-11T07:21:26.021636,sensor_1,3,Warning,24.04,sensor
47.71,2025-04-11T07:21:27.024819,2025-04-11T07:21:27.027497,sensor_5,4,Normal,21.73,sensor
54.3,2025-04-11T07:21:28.028802,2025-04-11T07:21:28.045658,sensor_4,4,Low,18.31,sensor
53.3,2025-04-11T07:21:31.058951,2025-04-11T07:21:31.067167,sensor_2,5,Normal,21.27,sensor
43.48,2025-04-11T07:21:32.068246,2025-04-11T07:21:32.070169,sensor_1,4,Low,18.29,sensor
57.12,2025-04-11T07:21:34.082460,2025-04-11T07:21:34.264512,sensor_3,3,Normal,19.08,sensor
58.63,2025-04-11T07:21:35.091651,2025-04-11T07:21:35.095057,sensor_3,4,Low,18.29,sensor
41.72,2025-04-11T07:21:38.113519,2025-04-11T07:21:38.120469,sensor_5,4,Warning,24.98,sensor
52.62,2025-04-11T07:21:39.121715,2025-04-11T07:21:39.129288,sensor_1,5,Normal,20.18,sensor
40.57,2025-04-11T07:21:40.129993,2025-04-11T07:21:40.139275,sensor_3,4,Normal,22.54,sensor
51.74,2025-04-11T07:21:41.140457,2025-04-11T07:21:41.148308,sensor_4,4,Normal,21.54,sensor
47.03,2025-04-11T07:21:45.184521,2025-04-11T07:21:45.193760,sensor_1,4,Normal,23.72,sensor
58.51,2025-04-11T07:21:47.205371,2025-04-11T07:21:47.213089,sensor_2,3,Normal,20.97,sensor
58.96,2025-04-11T07:21:48.213757,2025-04-11T07:21:48.221572,sensor_3,4,Warning,24.31,sensor
44.8,2025-04-11T07:21:50.230929,2025-04-11T07:21:50.503387,sensor_3,3,Normal,20.22,sensor
45.43,2025-04-11T07:21:55.276807,2025-04-11T07:21:55.385713,sensor_3,5,Normal,19.99,sensor
46.83,2025-04-11T07:21:56.286667,2025-04-11T07:21:56.293017,sensor_5,3,Warning,24.89,sensor
50.46,2025-04-11T07:21:57.294561,2025-04-11T07:21:57.301083,sensor_5,4,Normal,20.96,sensor
56.65,2025-04-11T07:22:00.312544,2025-04-11T07:22:00.320615,sensor_3,4,Normal,19.77,sensor
49.49,2025-04-11T07:22:04.347699,2025-04-11T07:22:04.349622,sensor_5,5,Normal,23.32,sensor
59.86,2025-04-11T07:22:05.350597,2025-04-11T07:22:05.561290,sensor_5,5,Normal,20.4,sensor
45.86,2025-04-11T07:22:09.387505,2025-04-11T07:22:09.391015,sensor_2,5,Normal,23.46,sensor
45.23,2025-04-11T07:22:10.391652,2025-04-11T07:22:10.401320,sensor_4,5,Normal,22.71,sensor
41.08,2025-04-11T07:22:13.420371,2025-04-11T07:22:14.125988,sensor_2,5,Normal,20.88,sensor
54.2,2025-04-11T07:22:15.437376,2025-04-11T07:22:15.446642,sensor_2,5,Normal,22.39,sensor
45.4,2025-04-11T07:22:16.448165,2025-04-11T07:22:16.460555,sensor_4,5,Normal,22.7,sensor
59.21,2025-04-11T07:22:22.502599,2025-04-11T07:22:22.508633,sensor_1,3,Normal,19.61,sensor
42.09,2025-04-11T07:22:23.510110,2025-04-11T07:22:23.620436,sensor_2,4,Normal,20.36,sensor
54.44,2025-04-11T07:22:25.521777,2025-04-11T07:22:25.527530,sensor_3,5,Normal,21.47,sensor
56.36,2025-04-11T07:22:27.533934,2025-04-11T07:22:27.541364,sensor_4,3,Normal,19.61,sensor
50.11,2025-04-11T07:22:28.541589,2025-04-11T07:22:28.547524,sensor_1,4,Normal,20.81,sensor
55.52,2025-04-11T07:22:31.560622,2025-04-11T07:22:31.566882,sensor_3,5,Normal,19.74,sensor
46.73,2025-04-11T07:22:35.591533,2025-04-11T07:22:35.596138,sensor_2,5,Warning,24.03,sensor
40.75,2025-04-11T07:22:36.596595,2025-04-11T07:22:36.602662,sensor_1,4,Normal,22.56,sensor
51.61,2025-04-11T07:22:38.609914,2025-04-11T07:22:38.616826,sensor_4,4,Normal,20.47,sensor
50.26,2025-04-11T07:22:42.636556,2025-04-11T07:22:42.641419,sensor_3,4,Normal,19.52,sensor
50.53,2025-04-11T07:22:43.642868,2025-04-11T07:22:43.649256,sensor_4,5,Normal,23.24,sensor
42.23,2025-04-11T07:22:44.650333,2025-04-11T07:22:44.655959,sensor_3,4,Normal,19.93,sensor
56.43,2025-04-11T07:22:45.656151,2025-04-11T07:22:45.663255,sensor_3,3,Normal,20.65,sensor
51.5,2025-04-11T07:22:46.664261,2025-04-11T07:22:46.670242,sensor_1,4,Normal,23.71,sensor
57.65,2025-04-11T07:22:48.676625,2025-04-11T07:22:48.680391,sensor_5,5,Normal,19.3,sensor
54.1,2025-04-11T07:22:49.684510,2025-04-11T07:22:49.691935,sensor_4,5,Warning,24.76,sensor
58.91,2025-04-11T07:22:51.702157,2025-04-11T07:22:51.709142,sensor_3,3,Low,18.17,sensor
54.18,2025-04-11T07:22:52.710825,2025-04-11T07:22:52.715495,sensor_3,4,Normal,20.54,sensor
53.24,2025-04-11T07:22:53.716502,2025-04-11T07:22:53.720992,sensor_2,3,Low,18.98,sensor
55.43,2025-04-11T07:22:55.730950,2025-04-11T07:22:55.734968,sensor_5,5,Normal,21.4,sensor
58.87,2025-04-11T07:22:57.747142,2025-04-11T07:22:57.753868,sensor_3,4,Low,18.41,sensor
41.02,2025-04-11T07:22:58.754923,2025-04-11T07:22:58.757339,sensor_4,4,Warning,24.37,sensor
47.01,2025-04-11T07:23:01.774403,2025-04-11T07:23:01.781323,sensor_5,4,Normal,21.19,sensor
45.08,2025-04-11T07:23:02.782335,2025-04-11T07:23:02.788253,sensor_3,4,Warning,24.57,sensor
40.62,2025-04-11T07:23:06.813205,2025-04-11T07:23:06.822058,sensor_2,4,Normal,19.34,sensor
59.64,2025-04-11T07:23:07.822507,2025-04-11T07:23:07.830891,sensor_1,4,Normal,21.56,sensor
48.02,2025-04-11T07:23:08.832896,2025-04-11T07:23:08.841419,sensor_1,5,Normal,23.28,sensor
40.7,2025-04-11T07:23:09.841132,2025-04-11T07:23:09.849694,sensor_2,3,Low,18.2,sensor
42.35,2025-04-11T07:23:10.849915,2025-04-11T07:23:10.852482,sensor_4,3,Normal,19.19,sensor
59.27,2025-04-11T07:23:12.865603,2025-04-11T07:23:12.872401,sensor_4,5,Normal,21.31,sensor
42.94,2025-04-11T07:23:13.875287,2025-04-11T07:23:13.877661,sensor_2,4,Low,18.97,sensor
40.67,2025-04-11T07:23:14.881942,2025-04-11T07:23:14.889239,sensor_3,3,Normal,21.39,sensor
53.42,2025-04-11T07:23:15.890331,2025-04-11T07:23:15.892292,sensor_1,3,Normal,20.29,sensor
40.23,2025-04-11T07:23:18.911359,2025-04-11T07:23:18.918409,sensor_1,5,Normal,20.12,sensor
40.69,2025-04-11T07:23:25.966719,2025-04-11T07:23:25.971078,sensor_4,5,Normal,22.69,sensor
41.68,2025-04-11T07:23:27.982133,2025-04-11T07:23:27.991130,sensor_5,3,Normal,21.98,sensor
45.41,2025-04-11T07:23:28.993080,2025-04-11T07:23:29.002037,sensor_4,4,Normal,21.23,sensor
47.83,2025-04-11T07:23:30.004985,2025-04-11T07:23:30.012815,sensor_1,4,Low,18.08,sensor
49.62,2025-04-11T07:23:32.020117,2025-04-11T07:23:32.027146,sensor_3,4,Normal,20.7,sensor
54.87,2025-04-11T07:23:34.037865,2025-04-11T07:23:34.046273,sensor_2,4,Normal,19.0,sensor
48.69,2025-04-11T07:23:36.053552,2025-04-11T07:23:36.061515,sensor_3,5,Normal,20.71,sensor
56.21,2025-04-11T07:23:37.062340,2025-04-11T07:23:37.071614,sensor_3,3,Normal,22.03,sensor
42.75,2025-04-11T07:23:39.083204,2025-04-11T07:23:39.087950,sensor_5,3,Warning,24.82,sensor
41.91,2025-04-11T07:23:40.089812,2025-04-11T07:23:40.097623,sensor_5,3,Normal,19.44,sensor
48.68,2025-04-11T07:23:42.108507,2025-04-11T07:23:42.618118,sensor_1,3,Warning,24.24,sensor
55.08,2025-04-11T07:23:45.142361,2025-04-11T07:23:45.148672,sensor_2,4,Normal,23.95,sensor
52.94,2025-04-11T07:23:44.131228,2025-04-11T07:23:44.384457,sensor_1,4,Low,18.98,sensor
46.7,2025-04-11T07:23:46.151130,2025-04-11T07:23:46.158318,sensor_5,5,Normal,20.44,sensor
42.76,2025-04-11T07:23:47.159919,2025-04-11T07:23:47.168130,sensor_5,4,Normal,19.15,sensor
44.19,2025-04-11T07:23:52.201010,2025-04-11T07:23:52.210967,sensor_5,4,Normal,19.01,sensor
47.78,2025-04-11T07:23:56.246814,2025-04-11T07:23:56.255146,sensor_5,5,Normal,23.65,sensor
49.29,2025-04-11T07:23:57.257550,2025-04-11T07:23:57.266305,sensor_3,4,Normal,19.98,sensor
40.23,2025-04-11T07:23:58.270930,2025-04-11T07:23:58.277934,sensor_3,4,Normal,22.78,sensor
42.21,2025-04-11T07:23:59.278978,2025-04-11T07:23:59.286205,sensor_5,4,Normal,20.98,sensor
56.73,2025-04-11T07:24:01.299570,2025-04-11T07:24:01.307788,sensor_2,4,Normal,23.74,sensor
59.08,2025-04-11T07:24:02.308290,2025-04-11T07:24:02.315775,sensor_1,3,Normal,22.38,sensor
44.09,2025-04-11T07:24:06.346319,2025-04-11T07:24:06.354187,sensor_1,3,Normal,21.16,sensor
56.25,2025-04-11T07:24:07.355799,2025-04-11T07:24:07.365854,sensor_3,3,Normal,19.09,sensor
46.8,2025-04-11T07:24:09.371471,2025-04-11T07:24:09.476721,sensor_2,4,Normal,23.91,sensor
51.64,2025-04-11T07:24:11.390829,2025-04-11T07:24:11.398026,sensor_1,3,Normal,19.53,sensor
45.18,2025-04-11T07:24:12.401949,2025-04-11T07:24:12.409290,sensor_3,4,Normal,23.72,sensor
42.26,2025-04-11T07:24:14.420293,2025-04-11T07:24:14.429007,sensor_1,4,Low,18.03,sensor
45.57,2025-04-11T07:24:15.428948,2025-04-11T07:24:15.437587,sensor_3,4,Normal,22.33,sensor
47.94,2025-04-11T07:24:16.438059,2025-04-11T07:24:16.447659,sensor_1,5,Normal,22.11,sensor
45.13,2025-04-11T07:24:17.447749,2025-04-11T07:24:17.449496,sensor_3,3,Warning,24.45,sensor
49.75,2025-04-11T07:24:21.475683,2025-04-11T07:24:21.482676,sensor_5,4,Normal,22.02,sensor
47.6,2025-04-11T07:24:22.484089,2025-04-11T07:24:22.490235,sensor_3,3,Normal,22.45,sensor
48.26,2025-04-11T07:24:23.490809,2025-04-11T07:24:23.497276,sensor_2,5,Normal,23.53,sensor
53.87,2025-04-11T07:24:26.516044,2025-04-11T07:24:26.524382,sensor_3,3,Normal,19.48,sensor
59.14,2025-04-11T07:24:29.539661,2025-04-11T07:24:29.546919,sensor_3,5,Normal,20.33,sensor
44.65,2025-04-11T07:24:31.557363,2025-04-11T07:24:31.567703,sensor_5,4,Low,18.18,sensor
40.9,2025-04-11T07:24:33.571796,2025-04-11T07:24:33.581621,sensor_5,3,Normal,19.56,sensor
45.61,2025-04-11T07:24:34.585083,2025-04-11T07:24:34.594019,sensor_5,4,Normal,20.68,sensor
51.83,2025-04-11T07:24:35.594688,2025-04-11T07:24:35.601315,sensor_4,5,Warning,24.36,sensor
45.5,2025-04-11T07:24:36.603444,2025-04-11T07:24:36.612434,sensor_2,3,Normal,22.48,sensor
54.55,2025-04-11T07:24:38.617959,2025-04-11T07:24:38.626417,sensor_4,3,Warning,24.83,sensor
51.31,2025-04-11T07:24:40.637031,2025-04-11T07:24:40.644480,sensor_1,3,Normal,19.09,sensor
57.68,2025-04-11T07:24:43.657644,2025-04-11T07:24:43.665324,sensor_4,3,Normal,19.34,sensor
48.85,2025-04-11T07:24:44.665616,2025-04-11T07:24:44.674209,sensor_5,5,Low,18.2,sensor
42.32,2025-04-11T07:24:47.689970,2025-04-11T07:24:47.700472,sensor_5,4,Warning,24.23,sensor
55.0,2025-04-11T07:24:51.727161,2025-04-11T07:24:51.734714,sensor_3,3,Normal,23.03,sensor
59.68,2025-04-11T07:24:52.735417,2025-04-11T07:24:52.743808,sensor_3,5,Normal,21.96,sensor
43.7,2025-04-11T07:24:55.759679,2025-04-11T07:24:55.769449,sensor_1,4,Normal,20.27,sensor
41.51,2025-04-11T07:24:57.778857,2025-04-11T07:24:57.785120,sensor_4,4,Low,18.81,sensor
57.77,2025-04-11T07:24:59.795901,2025-04-11T07:24:59.799975,sensor_5,4,Warning,24.49,sensor
57.5,2025-04-11T07:25:00.800519,2025-04-11T07:25:00.804502,sensor_2,3,Normal,20.96,sensor
42.5,2025-04-11T07:25:01.804468,2025-04-11T07:25:01.811768,sensor_2,5,Normal,23.1,sensor
50.7,2025-04-11T07:25:03.817433,2025-04-11T07:25:03.821521,sensor_3,4,Normal,19.88,sensor
42.57,2025-04-11T07:25:06.837099,2025-04-11T07:25:06.841211,sensor_3,3,Normal,22.13,sensor
54.28,2025-04-11T07:25:09.854088,2025-04-11T07:25:09.966597,sensor_1,4,Normal,21.05,sensor
40.76,2025-04-11T07:25:10.862159,2025-04-11T07:25:10.868571,sensor_5,5,Normal,19.68,sensor
42.58,2025-04-11T07:25:12.875592,2025-04-11T07:25:12.878969,sensor_1,5,Normal,21.09,sensor
40.95,2025-04-11T07:25:13.879734,2025-04-11T07:25:13.882292,sensor_2,4,Normal,20.27,sensor
40.23,2025-04-11T07:25:17.902929,2025-04-11T07:25:17.909761,sensor_2,4,Warning,24.18,sensor
58.81,2025-04-11T07:25:18.909935,2025-04-11T07:25:18.915777,sensor_4,4,Warning,24.81,sensor
49.68,2025-04-11T07:25:19.918869,2025-04-11T07:25:20.231938,sensor_1,5,Low,18.79,sensor
47.45,2025-04-11T07:25:20.925989,2025-04-11T07:25:20.931338,sensor_3,4,Warning,24.41,sensor
56.7,2025-04-11T07:25:22.942173,2025-04-11T07:25:22.948267,sensor_2,4,Normal,22.51,sensor
41.36,2025-04-11T07:25:23.949801,2025-04-11T07:25:23.956428,sensor_4,3,Warning,24.66,sensor
43.3,2025-04-11T07:25:24.956762,2025-04-11T07:25:24.960127,sensor_5,5,Normal,19.78,sensor
46.03,2025-04-11T07:25:27.977373,2025-04-11T07:25:27.984169,sensor_3,5,Normal,19.45,sensor
53.51,2025-04-11T07:25:32.016510,2025-04-11T07:25:32.027107,sensor_4,4,Low,18.11,sensor
45.44,2025-04-11T07:25:33.025430,2025-04-11T07:25:33.032544,sensor_4,5,Normal,19.49,sensor
48.44,2025-04-11T07:25:35.041308,2025-04-11T07:25:35.049089,sensor_3,3,Normal,23.66,sensor
56.24,2025-04-11T07:25:36.050010,2025-04-11T07:25:36.057992,sensor_5,3,Normal,19.38,sensor
52.37,2025-04-11T07:25:38.072125,2025-04-11T07:25:38.082545,sensor_2,4,Low,18.89,sensor
53.98,2025-04-11T07:25:42.103966,2025-04-11T07:25:42.113431,sensor_4,5,Normal,21.07,sensor
59.89,2025-04-11T07:25:47.146510,2025-04-11T07:25:47.155400,sensor_3,3,Normal,19.23,sensor
47.61,2025-04-11T07:25:56.217512,2025-04-11T07:25:56.225840,sensor_4,5,Normal,23.62,sensor
52.23,2025-04-11T07:25:57.228475,2025-04-11T07:25:57.234940,sensor_5,4,Low,18.05,sensor
56.82,2025-04-11T07:25:58.235581,2025-04-11T07:25:58.245289,sensor_5,3,Normal,21.07,sensor
42.93,2025-04-11T07:25:59.246634,2025-04-11T07:25:59.255173,sensor_3,5,Warning,24.78,sensor
44.88,2025-04-11T07:26:04.284448,2025-04-11T07:26:04.396288,sensor_1,4,Normal,23.07,sensor
52.56,2025-04-11T07:26:06.297234,2025-04-11T07:26:06.303354,sensor_2,5,Normal,19.28,sensor
41.06,2025-04-11T07:26:10.331271,2025-04-11T07:26:10.337355,sensor_5,4,Normal,21.72,sensor
59.79,2025-04-11T07:26:11.338109,2025-04-11T07:26:11.345569,sensor_1,5,Normal,21.81,sensor
59.32,2025-04-11T07:26:12.348425,2025-04-11T07:26:12.356744,sensor_1,5,Normal,19.69,sensor
49.35,2025-04-11T07:26:14.371439,2025-04-11T07:26:14.377907,sensor_1,5,Normal,21.14,sensor
55.29,2025-04-11T07:26:21.431198,2025-04-11T07:26:21.439320,sensor_5,5,Warning,24.03,sensor
49.75,2025-04-11T07:26:23.448004,2025-04-11T07:26:23.660549,sensor_1,3,Normal,21.53,sensor
50.79,2025-04-11T07:26:25.463118,2025-04-11T07:26:25.470034,sensor_2,5,Low,18.04,sensor
43.68,2025-04-11T07:26:26.472200,2025-04-11T07:26:26.477530,sensor_1,3,Warning,24.33,sensor
55.39,2025-04-11T07:26:27.480814,2025-04-11T07:26:27.487229,sensor_1,4,Normal,22.89,sensor
55.21,2025-04-11T07:26:29.499624,2025-04-11T07:26:29.505535,sensor_3,3,Low,18.17,sensor
40.13,2025-04-11T07:26:31.514658,2025-04-11T07:26:31.520085,sensor_5,3,Low,18.47,sensor
59.81,2025-04-11T07:26:34.544144,2025-04-11T07:26:34.753083,sensor_3,3,Normal,22.19,sensor
57.47,2025-04-11T07:26:37.567674,2025-04-11T07:26:37.574543,sensor_1,3,Low,18.62,sensor
44.43,2025-04-11T07:26:38.575116,2025-04-11T07:26:38.581380,sensor_4,3,Normal,19.84,sensor
52.19,2025-04-11T07:26:39.583821,2025-04-11T07:26:39.589693,sensor_3,3,Warning,24.42,sensor
44.01,2025-04-11T07:26:41.599711,2025-04-11T07:26:41.608277,sensor_2,4,Normal,20.7,sensor
42.34,2025-04-11T07:26:42.608866,2025-04-11T07:26:42.615065,sensor_4,3,Normal,22.45,sensor
52.21,2025-04-11T07:26:43.616067,2025-04-11T07:26:43.621293,sensor_1,3,Normal,20.84,sensor
41.27,2025-04-11T07:26:44.621984,2025-04-11T07:26:44.628019,sensor_2,4,Warning,24.84,sensor
50.44,2025-04-11T07:26:47.667514,2025-04-11T07:26:47.673376,sensor_2,4,Normal,20.43,sensor
58.65,2025-04-11T07:26:49.682130,2025-04-11T07:26:49.684833,sensor_3,4,Normal,20.68,sensor
42.63,2025-04-11T07:26:54.723187,2025-04-11T07:26:54.730017,sensor_4,4,Normal,20.41,sensor
59.2,2025-04-11T07:26:57.749436,2025-04-11T07:26:57.758392,sensor_1,3,Normal,22.5,sensor
41.31,2025-04-11T07:26:58.759983,2025-04-11T07:26:58.767650,sensor_5,3,Normal,23.88,sensor
56.21,2025-04-11T07:27:00.775795,2025-04-11T07:27:00.777506,sensor_2,4,Warning,24.25,sensor
40.06,2025-04-11T07:27:01.777705,2025-04-11T07:27:01.780187,sensor_4,5,Normal,20.37,sensor
47.14,2025-04-11T07:27:02.785989,2025-04-11T07:27:02.792069,sensor_4,3,Warning,24.36,sensor
55.13,2025-04-11T07:27:05.804619,2025-04-11T07:27:05.806350,sensor_1,4,Low,18.95,sensor
48.88,2025-04-11T07:27:06.808660,2025-04-11T07:27:06.814721,sensor_2,5,Warning,24.18,sensor
40.13,2025-04-11T07:27:08.817910,2025-04-11T07:27:08.825908,sensor_3,4,Normal,24.0,sensor
44.33,2025-04-11T07:27:09.830781,2025-04-11T07:27:09.838428,sensor_5,4,Normal,20.21,sensor
49.19,2025-04-11T07:27:13.861966,2025-04-11T07:27:13.869304,sensor_1,5,Low,18.0,sensor
44.55,2025-04-11T07:29:20.086061,2025-04-11T07:29:20.096033,sensor_1,5,Normal,23.27,sensor
59.45,2025-04-11T07:29:21.097969,2025-04-11T07:29:21.107286,sensor_3,4,Normal,19.09,sensor
58.01,2025-04-11T07:29:24.127168,2025-04-11T07:29:24.644424,sensor_2,3,Warning,24.69,sensor
46.93,2025-04-11T07:29:29.175194,2025-04-11T07:29:29.178300,sensor_3,4,Normal,22.27,sensor
55.43,2025-04-11T07:29:31.191988,2025-04-11T07:29:31.199940,sensor_5,3,Normal,22.65,sensor
47.8,2025-04-11T07:29:32.200061,2025-04-11T07:29:32.202419,sensor_4,4,Normal,21.45,sensor
48.57,2025-04-11T07:29:34.214063,2025-04-11T07:29:34.220879,sensor_1,4,Normal,19.09,sensor
57.53,2025-04-11T07:29:35.227018,2025-04-11T07:29:35.235126,sensor_4,3,Warning,24.59,sensor
59.25,2025-04-11T07:29:36.235069,2025-04-11T07:29:36.236755,sensor_2,4,Normal,20.57,sensor
49.64,2025-04-11T07:29:37.238363,2025-04-11T07:29:37.247678,sensor_5,4,Normal,21.04,sensor
44.32,2025-04-11T07:29:40.264093,2025-04-11T07:29:40.270921,sensor_4,5,Normal,21.95,sensor
46.24,2025-04-11T07:29:42.278139,2025-04-11T07:29:42.286290,sensor_3,5,Low,18.81,sensor
49.52,2025-04-11T07:29:44.297352,2025-04-11T07:29:44.815670,sensor_4,5,Normal,23.42,sensor
47.26,2025-04-11T07:29:45.308185,2025-04-11T07:29:45.311708,sensor_4,3,Normal,21.67,sensor
41.87,2025-04-11T07:29:48.328432,2025-04-11T07:29:48.344515,sensor_5,5,Normal,22.09,sensor
53.96,2025-04-11T07:29:49.337934,2025-04-11T07:29:49.346696,sensor_3,5,Normal,19.7,sensor
52.42,2025-04-11T07:29:52.363847,2025-04-11T07:29:52.369615,sensor_5,5,Normal,20.48,sensor
43.91,2025-04-11T07:29:51.356866,2025-04-11T07:29:51.866769,sensor_5,4,Normal,23.21,sensor
44.77,2025-04-11T07:29:58.412064,2025-04-11T07:29:58.419971,sensor_2,3,Normal,19.03,sensor
51.51,2025-04-11T07:30:00.424708,2025-04-11T07:30:00.431645,sensor_3,3,Low,18.87,sensor
52.13,2025-04-11T07:30:01.434917,2025-04-11T07:30:01.444583,sensor_1,4,Normal,21.13,sensor
57.11,2025-04-11T07:30:05.467575,2025-04-11T07:30:05.468980,sensor_1,5,Low,18.7,sensor
49.0,2025-04-11T07:30:06.472167,2025-04-11T07:30:06.474220,sensor_3,3,Warning,24.82,sensor
43.47,2025-04-11T07:30:08.488075,2025-04-11T07:30:08.490693,sensor_3,4,Normal,21.65,sensor
52.33,2025-04-11T07:30:09.493903,2025-04-11T07:30:09.499991,sensor_3,3,Normal,23.35,sensor
46.52,2025-04-11T07:30:10.504656,2025-04-11T07:30:10.513741,sensor_4,4,Normal,22.61,sensor
48.11,2025-04-11T07:30:12.526866,2025-04-11T07:30:12.533402,sensor_2,3,Low,18.03,sensor
52.07,2025-04-11T07:30:15.554847,2025-04-11T07:30:15.561303,sensor_4,5,Normal,19.34,sensor
45.12,2025-04-11T07:30:16.564592,2025-04-11T07:30:16.574629,sensor_2,5,Normal,21.35,sensor
56.19,2025-04-11T07:30:18.583200,2025-04-11T07:30:18.587873,sensor_3,4,Low,18.22,sensor
54.5,2025-04-11T07:30:19.588839,2025-04-11T07:30:19.592744,sensor_5,4,Warning,24.78,sensor
41.89,2025-04-11T07:30:23.613663,2025-04-11T07:30:23.619927,sensor_1,3,Normal,19.27,sensor
53.61,2025-04-11T07:30:24.620288,2025-04-11T07:30:24.625463,sensor_3,3,Normal,23.04,sensor
43.7,2025-04-11T07:30:30.657731,2025-04-11T07:30:30.659402,sensor_1,4,Low,18.85,sensor
54.05,2025-04-11T07:30:32.664867,2025-04-11T07:30:32.669457,sensor_2,5,Normal,19.06,sensor
47.37,2025-04-11T07:30:33.670231,2025-04-11T07:30:33.676340,sensor_2,5,Normal,21.7,sensor
42.05,2025-04-11T07:30:35.686453,2025-04-11T07:30:35.688624,sensor_3,4,Normal,19.68,sensor
40.75,2025-04-11T07:30:39.710584,2025-04-11T07:30:39.718133,sensor_3,4,Warning,24.9,sensor
51.25,2025-04-11T07:30:40.718502,2025-04-11T07:30:40.722678,sensor_2,3,Warning,24.01,sensor
40.3,2025-04-11T07:30:41.723547,2025-04-11T07:30:41.728114,sensor_2,3,Normal,20.01,sensor
45.24,2025-04-11T07:30:44.744851,2025-04-11T07:30:44.750552,sensor_5,4,Normal,22.84,sensor
43.62,2025-04-11T07:30:49.783421,2025-04-11T07:30:49.789734,sensor_1,5,Normal,22.7,sensor
53.96,2025-04-11T07:30:54.819745,2025-04-11T07:30:55.225656,sensor_4,3,Low,18.29,sensor
57.3,2025-04-11T07:30:55.827525,2025-04-11T07:30:55.834000,sensor_2,4,Normal,20.81,sensor
59.09,2025-04-11T07:30:57.842373,2025-04-11T07:30:57.845780,sensor_4,4,Normal,23.12,sensor
41.87,2025-04-11T07:30:58.850279,2025-04-11T07:30:58.856734,sensor_2,5,Warning,24.8,sensor
56.86,2025-04-11T07:30:59.857707,2025-04-11T07:30:59.865485,sensor_4,3,Normal,23.92,sensor
52.77,2025-04-11T07:31:00.866338,2025-04-11T07:31:00.874197,sensor_2,3,Warning,24.02,sensor
44.07,2025-04-11T07:31:01.875423,2025-04-11T07:31:01.882977,sensor_3,3,Normal,20.56,sensor
58.45,2025-04-11T07:31:02.885187,2025-04-11T07:31:02.890886,sensor_3,4,Normal,23.01,sensor
52.78,2025-04-11T07:31:03.891648,2025-04-11T07:31:03.898803,sensor_1,5,Low,18.89,sensor
45.59,2025-04-11T07:31:06.918289,2025-04-11T07:31:07.334173,sensor_2,4,Normal,21.56,sensor
54.45,2025-04-11T07:31:08.933945,2025-04-11T07:31:08.940795,sensor_4,3,Normal,23.04,sensor
40.87,2025-04-11T07:31:10.943542,2025-04-11T07:31:10.952841,sensor_1,4,Normal,22.01,sensor
51.12,2025-04-11T07:31:14.978455,2025-04-11T07:31:14.986927,sensor_5,5,Normal,21.17,sensor
44.75,2025-04-11T07:31:15.987437,2025-04-11T07:31:15.995983,sensor_3,4,Normal,20.88,sensor
53.39,2025-04-11T07:31:16.996284,2025-04-11T07:31:17.003956,sensor_5,5,Warning,24.95,sensor
40.49,2025-04-11T07:31:20.016525,2025-04-11T07:31:20.023443,sensor_4,3,Warning,24.77,sensor
49.08,2025-04-11T07:31:21.023409,2025-04-11T07:31:21.031985,sensor_3,4,Warning,24.58,sensor
47.56,2025-04-11T07:31:27.079872,2025-04-11T07:31:27.086401,sensor_3,3,Normal,21.57,sensor
44.5,2025-04-11T07:31:30.110279,2025-04-11T07:31:30.116250,sensor_1,3,Normal,20.53,sensor
43.99,2025-04-11T07:31:32.127787,2025-04-11T07:31:32.130935,sensor_4,5,Low,18.92,sensor
50.6,2025-04-11T07:31:35.151284,2025-04-11T07:31:35.159669,sensor_4,4,Normal,22.39,sensor
48.45,2025-04-11T07:31:38.178181,2025-04-11T07:31:38.387053,sensor_1,4,Low,18.42,sensor
48.54,2025-04-11T07:31:43.210548,2025-04-11T07:31:43.217331,sensor_5,3,Normal,21.59,sensor
47.08,2025-04-11T07:31:44.217923,2025-04-11T07:31:44.527547,sensor_2,4,Normal,19.91,sensor
48.33,2025-04-11T07:31:48.244148,2025-04-11T07:31:48.609864,sensor_5,3,Normal,22.26,sensor
44.48,2025-04-11T07:31:49.253179,2025-04-11T07:31:49.464252,sensor_3,5,Normal,23.78,sensor
57.12,2025-04-11T07:31:51.270556,2025-04-11T07:31:51.278730,sensor_3,5,Normal,21.31,sensor
50.04,2025-04-11T07:31:52.282239,2025-04-11T07:31:52.492470,sensor_4,5,Normal,22.14,sensor
54.41,2025-04-11T07:31:59.339312,2025-04-11T07:31:59.347428,sensor_2,3,Normal,19.45,sensor
43.13,2025-04-11T07:32:00.346339,2025-04-11T07:32:00.354955,sensor_5,3,Normal,19.13,sensor
52.38,2025-04-11T07:32:01.352711,2025-04-11T07:32:01.355723,sensor_4,5,Normal,20.94,sensor
56.96,2025-04-11T07:32:07.395374,2025-04-11T07:32:07.401971,sensor_3,4,Low,18.94,sensor
54.97,2025-04-11T07:32:09.413143,2025-04-11T07:32:09.419742,sensor_1,5,Normal,22.09,sensor
49.89,2025-04-11T07:32:10.420956,2025-04-11T07:32:10.425926,sensor_5,5,Normal,19.78,sensor
53.94,2025-04-11T07:32:13.444692,2025-04-11T07:32:13.451601,sensor_4,4,Normal,23.04,sensor
48.32,2025-04-11T07:32:16.469293,2025-04-11T07:32:16.476933,sensor_2,5,Normal,21.66,sensor
55.24,2025-04-11T07:32:18.485563,2025-04-11T07:32:18.493150,sensor_3,4,Normal,22.61,sensor
57.62,2025-04-11T07:32:20.499799,2025-04-11T07:32:20.509785,sensor_3,3,Normal,21.69,sensor
48.31,2025-04-11T07:32:23.531396,2025-04-11T07:32:23.537603,sensor_4,4,Normal,22.96,sensor
47.9,2025-04-11T07:32:25.551259,2025-04-11T07:32:25.558159,sensor_1,4,Normal,19.86,sensor
43.66,2025-04-11T07:32:26.561685,2025-04-11T07:32:26.568624,sensor_3,4,Normal,19.48,sensor
44.4,2025-04-11T07:32:27.571303,2025-04-11T07:32:27.578277,sensor_3,4,Normal,21.88,sensor
51.29,2025-04-11T07:32:30.589451,2025-04-11T07:32:30.595790,sensor_4,4,Normal,19.96,sensor
56.23,2025-04-11T07:32:34.621300,2025-04-11T07:32:34.627014,sensor_1,4,Warning,24.25,sensor
59.73,2025-04-11T07:32:45.708052,2025-04-11T07:32:45.714473,sensor_2,5,Low,18.54,sensor
47.35,2025-04-11T07:32:49.740561,2025-04-11T07:32:49.746983,sensor_5,4,Normal,19.68,sensor
44.6,2025-04-11T07:32:58.806413,2025-04-11T07:32:59.013860,sensor_5,3,Low,18.8,sensor
53.49,2025-04-11T07:33:02.830630,2025-04-11T07:33:02.836589,sensor_3,3,Low,18.49,sensor
55.73,2025-04-11T07:33:03.838943,2025-04-11T07:33:04.464114,sensor_2,4,Low,18.15,sensor
40.35,2025-04-11T07:33:04.845026,2025-04-11T07:33:04.851481,sensor_4,3,Low,18.65,sensor
42.17,2025-04-11T07:33:06.863114,2025-04-11T07:33:06.982100,sensor_2,5,Normal,21.23,sensor
45.43,2025-04-11T07:33:08.879414,2025-04-11T07:33:08.885403,sensor_4,4,Low,18.12,sensor
53.31,2025-04-11T07:33:09.890190,2025-04-11T07:33:09.895825,sensor_4,4,Normal,22.17,sensor
48.02,2025-04-11T07:33:13.933653,2025-04-11T07:33:13.939036,sensor_1,3,Normal,20.96,sensor
51.52,2025-04-11T07:33:15.948212,2025-04-11T07:33:15.953793,sensor_2,3,Normal,22.22,sensor
42.72,2025-04-11T07:33:16.954105,2025-04-11T07:33:16.963270,sensor_4,3,Normal,19.84,sensor
42.45,2025-04-11T07:33:17.965788,2025-04-11T07:33:17.971392,sensor_4,5,Normal,19.35,sensor
43.63,2025-04-11T07:33:19.979645,2025-04-11T07:33:19.980984,sensor_1,4,Warning,24.68,sensor
45.15,2025-04-11T07:33:20.983075,2025-04-11T07:33:20.989221,sensor_2,3,Normal,19.09,sensor
50.06,2025-04-11T07:33:25.014853,2025-04-11T07:33:25.022659,sensor_1,3,Normal,21.28,sensor
51.93,2025-04-11T07:33:27.037182,2025-04-11T07:33:27.046154,sensor_1,4,Normal,21.52,sensor
51.6,2025-04-11T07:33:28.047221,2025-04-11T07:33:28.363373,sensor_5,4,Low,18.63,sensor
48.9,2025-04-11T07:33:29.055943,2025-04-11T07:33:29.060905,sensor_3,4,Normal,20.36,sensor
42.88,2025-04-11T07:33:33.094180,2025-04-11T07:33:33.100268,sensor_2,4,Low,18.63,sensor
48.2,2025-04-11T07:33:35.112847,2025-04-11T07:33:35.119352,sensor_1,5,Low,18.21,sensor
58.51,2025-04-11T07:33:37.128938,2025-04-11T07:33:37.135234,sensor_2,5,Warning,24.92,sensor
42.07,2025-04-11T07:33:41.160302,2025-04-11T07:33:41.167191,sensor_2,4,Normal,21.87,sensor
44.87,2025-04-11T07:33:43.175739,2025-04-11T07:33:43.184282,sensor_4,5,Normal,23.86,sensor
42.37,2025-04-11T07:33:44.185515,2025-04-11T07:33:44.189052,sensor_2,4,Warning,24.16,sensor
45.76,2025-04-11T07:33:45.190303,2025-04-11T07:33:45.196681,sensor_5,3,Normal,22.05,sensor
40.65,2025-04-11T07:37:35.853241,2025-04-11T07:37:35.858384,sensor_1,5,Low,18.05,sensor
45.25,2025-04-11T07:37:42.898390,2025-04-11T07:37:42.904289,sensor_5,3,Normal,19.04,sensor
50.58,2025-04-11T07:37:45.922707,2025-04-11T07:37:45.931607,sensor_1,4,Normal,23.35,sensor
43.88,2025-04-11T07:37:46.931339,2025-04-11T07:37:46.933087,sensor_5,5,Normal,23.38,sensor
50.46,2025-04-11T07:37:49.950401,2025-04-11T07:37:49.952961,sensor_1,3,Normal,23.61,sensor
50.38,2025-04-11T07:37:51.960020,2025-04-11T07:37:51.966755,sensor_1,4,Normal,23.04,sensor
41.63,2025-04-11T07:37:53.977948,2025-04-11T07:37:53.985836,sensor_5,4,Normal,19.64,sensor
40.34,2025-04-11T07:37:54.986343,2025-04-11T07:37:54.988175,sensor_2,4,Normal,20.61,sensor
42.73,2025-04-11T07:38:04.040316,2025-04-11T07:38:04.046519,sensor_3,3,Low,18.11,sensor
45.58,2025-04-11T07:38:05.047146,2025-04-11T07:38:05.050055,sensor_2,3,Warning,24.62,sensor
42.2,2025-04-11T07:38:06.052200,2025-04-11T07:38:06.059801,sensor_5,5,Normal,19.17,sensor
55.4,2025-04-11T07:38:07.060637,2025-04-11T07:38:07.068002,sensor_2,3,Normal,23.22,sensor
43.82,2025-04-11T07:38:11.088110,2025-04-11T07:38:11.094512,sensor_1,5,Low,18.05,sensor
41.57,2025-04-11T07:38:13.101499,2025-04-11T07:38:13.107738,sensor_2,5,Normal,20.35,sensor
48.59,2025-04-11T07:38:17.127162,2025-04-11T07:38:17.128967,sensor_2,5,Normal,21.43,sensor
57.54,2025-04-11T07:38:21.156791,2025-04-11T07:38:21.162764,sensor_2,5,Normal,19.17,sensor
40.37,2025-04-11T07:38:22.163111,2025-04-11T07:38:22.168970,sensor_3,5,Normal,21.18,sensor
42.55,2025-04-11T07:38:24.175092,2025-04-11T07:38:24.182529,sensor_1,5,Normal,21.97,sensor
59.36,2025-04-11T07:38:29.213615,2025-04-11T07:38:29.220733,sensor_2,4,Normal,20.11,sensor
45.68,2025-04-11T07:38:30.220989,2025-04-11T07:38:30.224456,sensor_1,4,Warning,24.24,sensor
56.6,2025-04-11T07:38:33.240020,2025-04-11T07:38:33.245889,sensor_2,3,Normal,20.9,sensor
54.94,2025-04-11T07:38:34.248490,2025-04-11T07:38:34.254004,sensor_4,3,Normal,20.09,sensor
45.82,2025-04-11T07:38:35.256051,2025-04-11T07:38:35.261607,sensor_2,3,Normal,23.96,sensor
56.38,2025-04-11T07:38:36.262608,2025-04-11T07:38:36.276371,sensor_3,5,Normal,23.62,sensor
44.78,2025-04-11T07:38:38.275162,2025-04-11T07:38:38.276516,sensor_4,5,Normal,22.02,sensor
44.14,2025-04-11T07:38:41.299576,2025-04-11T07:38:41.305104,sensor_2,5,Low,18.3,sensor
45.8,2025-04-11T07:38:42.306393,2025-04-11T07:38:42.314370,sensor_3,4,Normal,19.4,sensor
48.36,2025-04-11T07:38:43.317461,2025-04-11T07:38:43.325307,sensor_4,3,Normal,23.03,sensor
59.25,2025-04-11T07:38:45.335612,2025-04-11T07:38:45.342538,sensor_4,3,Normal,23.11,sensor
40.65,2025-04-11T07:38:49.374589,2025-04-11T07:38:49.382313,sensor_5,3,Normal,21.44,sensor
41.79,2025-04-11T07:38:51.387536,2025-04-11T07:38:51.500546,sensor_1,5,Normal,20.31,sensor
41.12,2025-04-11T07:38:52.396714,2025-04-11T07:38:52.404197,sensor_3,4,Normal,19.79,sensor
49.46,2025-04-11T07:38:56.430811,2025-04-11T07:38:56.433201,sensor_4,5,Normal,20.29,sensor
56.38,2025-04-11T07:38:59.454310,2025-04-11T07:38:59.461751,sensor_3,3,Normal,23.19,sensor
49.08,2025-04-11T07:39:03.478515,2025-04-11T07:39:03.483076,sensor_3,3,Low,18.19,sensor
54.12,2025-04-11T07:39:04.484342,2025-04-11T07:39:04.490413,sensor_1,5,Low,18.96,sensor
58.9,2025-04-11T07:39:06.497422,2025-04-11T07:39:06.499111,sensor_2,5,Normal,22.73,sensor
54.2,2025-04-11T07:39:07.500182,2025-04-11T07:39:07.505906,sensor_5,5,Normal,23.14,sensor
40.53,2025-04-11T07:39:08.507344,2025-04-11T07:39:08.513114,sensor_5,5,Normal,21.92,sensor
41.29,2025-04-11T07:39:12.538608,2025-04-11T07:39:12.542489,sensor_4,5,Normal,19.64,sensor
55.8,2025-04-11T07:39:20.600058,2025-04-11T07:39:20.605889,sensor_5,3,Normal,21.9,sensor
40.07,2025-04-11T07:39:21.606164,2025-04-11T07:39:21.708316,sensor_1,5,Normal,19.85,sensor
52.7,2025-04-11T07:39:22.612197,2025-04-11T07:39:22.617513,sensor_5,3,Normal,19.69,sensor
47.17,2025-04-11T07:39:23.618334,2025-04-11T07:39:23.624851,sensor_3,5,Low,18.79,sensor
41.47,2025-04-11T07:39:26.643105,2025-04-11T07:39:26.989691,sensor_1,5,Warning,24.06,sensor
43.35,2025-04-11T07:39:27.649123,2025-04-11T07:39:27.655932,sensor_5,4,Normal,21.86,sensor
59.44,2025-04-11T07:39:28.657529,2025-04-11T07:39:28.667061,sensor_2,5,Normal,19.15,sensor
52.55,2025-04-11T07:39:29.667167,2025-04-11T07:39:29.668818,sensor_2,3,Normal,21.24,sensor
40.58,2025-04-11T07:39:31.680958,2025-04-11T07:39:31.689388,sensor_3,3,Normal,20.5,sensor
45.89,2025-04-11T07:39:32.691155,2025-04-11T07:39:32.697348,sensor_2,4,Normal,21.32,sensor
53.25,2025-04-11T07:39:33.699171,2025-04-11T07:39:33.705923,sensor_2,5,Normal,22.0,sensor
43.61,2025-04-11T07:39:35.717958,2025-04-11T07:39:35.724513,sensor_5,4,Normal,20.25,sensor
43.62,2025-04-11T07:39:36.725424,2025-04-11T07:39:36.730557,sensor_2,4,Warning,24.82,sensor
43.8,2025-04-11T07:39:37.731730,2025-04-11T07:39:37.736887,sensor_3,4,Normal,19.11,sensor
56.66,2025-04-11T07:39:41.759759,2025-04-11T07:39:41.766143,sensor_2,5,Normal,19.7,sensor
43.93,2025-04-11T07:39:42.766378,2025-04-11T07:39:42.772215,sensor_4,4,Low,18.41,sensor
44.36,2025-04-11T07:39:43.773496,2025-04-11T07:39:43.779658,sensor_1,4,Normal,21.6,sensor
40.64,2025-04-11T07:39:45.788724,2025-04-11T07:39:45.796943,sensor_2,4,Normal,19.28,sensor
58.46,2025-04-11T07:39:47.803639,2025-04-11T07:39:47.811135,sensor_5,4,Normal,19.92,sensor
55.18,2025-04-11T07:39:48.815180,2025-04-11T07:39:49.240120,sensor_3,3,Normal,19.51,sensor
43.33,2025-04-11T07:39:50.835525,2025-04-11T07:39:50.840562,sensor_4,3,Normal,21.84,sensor
54.6,2025-04-11T07:39:52.848965,2025-04-11T07:39:52.854192,sensor_3,5,Warning,24.36,sensor
41.17,2025-04-11T07:39:56.870186,2025-04-11T07:39:56.873773,sensor_5,4,Normal,20.05,sensor
41.25,2025-04-11T07:39:59.882868,2025-04-11T07:39:59.888703,sensor_2,5,Low,18.24,sensor
40.48,2025-04-11T07:40:00.889429,2025-04-11T07:40:00.894307,sensor_5,3,Normal,20.78,sensor
54.02,2025-04-11T07:40:01.896836,2025-04-11T07:40:01.902447,sensor_1,4,Low,18.95,sensor
45.45,2025-04-11T07:40:03.907649,2025-04-11T07:40:03.912981,sensor_4,3,Normal,23.7,sensor
45.31,2025-04-11T07:40:04.913472,2025-04-11T07:40:04.919690,sensor_2,4,Normal,21.21,sensor
58.58,2025-04-11T07:40:08.935416,2025-04-11T07:40:08.937863,sensor_2,4,Normal,19.99,sensor
48.16,2025-04-11T07:40:10.945647,2025-04-11T07:40:10.949174,sensor_4,3,Normal,21.25,sensor
46.58,2025-04-11T07:40:12.956430,2025-04-11T07:40:12.957751,sensor_4,5,Normal,23.34,sensor
43.87,2025-04-11T07:40:14.963853,2025-04-11T07:40:14.971475,sensor_3,3,Low,18.93,sensor
59.52,2025-04-11T07:40:16.976639,2025-04-11T07:40:16.984779,sensor_2,3,Normal,21.56,sensor
52.88,2025-04-11T07:40:18.993500,2025-04-11T07:40:19.201277,sensor_2,3,Warning,24.19,sensor
51.54,2025-04-11T07:40:21.004031,2025-04-11T07:40:21.010349,sensor_2,3,Low,18.77,sensor
48.53,2025-04-11T07:40:22.010813,2025-04-11T07:40:22.014378,sensor_3,4,Normal,22.02,sensor
48.8,2025-04-11T07:40:24.019962,2025-04-11T07:40:24.025414,sensor_5,4,Normal,19.4,sensor
48.43,2025-04-11T07:40:25.026050,2025-04-11T07:40:25.030788,sensor_2,4,Normal,21.71,sensor
46.86,2025-04-11T07:40:26.031845,2025-04-11T07:40:26.036854,sensor_3,3,Normal,21.39,sensor
59.5,2025-04-11T07:40:27.037483,2025-04-11T07:40:27.042676,sensor_1,3,Normal,21.03,sensor
57.99,2025-04-11T07:40:29.049766,2025-04-11T07:40:29.055636,sensor_1,3,Warning,24.61,sensor
54.57,2025-04-11T07:40:30.056269,2025-04-11T07:40:30.059834,sensor_2,4,Low,18.59,sensor
49.72,2025-04-11T07:40:34.078522,2025-04-11T07:40:34.086547,sensor_1,4,Normal,23.93,sensor
59.88,2025-04-11T07:40:36.091650,2025-04-11T07:40:36.096211,sensor_5,3,Low,18.4,sensor
42.87,2025-04-11T07:40:38.101262,2025-04-11T07:40:38.104847,sensor_5,3,Normal,23.98,sensor
56.91,2025-04-11T07:40:39.105346,2025-04-11T07:40:39.109243,sensor_2,4,Low,18.41,sensor
49.45,2025-04-11T07:40:40.109733,2025-04-11T07:40:40.114915,sensor_1,3,Warning,24.93,sensor
44.33,2025-04-11T07:40:41.115631,2025-04-11T07:40:41.121598,sensor_1,5,Normal,20.17,sensor
42.11,2025-04-11T07:40:42.124118,2025-04-11T07:40:42.129407,sensor_2,4,Normal,20.78,sensor
51.86,2025-04-11T07:40:43.130133,2025-04-11T07:40:43.133994,sensor_4,3,Normal,22.71,sensor
40.14,2025-04-11T07:40:44.134277,2025-04-11T07:40:44.138158,sensor_4,5,Normal,20.6,sensor
54.27,2025-04-11T07:40:46.145407,2025-04-11T07:40:46.148832,sensor_1,5,Normal,19.34,sensor
53.43,2025-04-11T07:40:47.150057,2025-04-11T07:40:47.153739,sensor_4,5,Warning,24.87,sensor
52.96,2025-04-11T07:40:48.154171,2025-04-11T07:40:48.159012,sensor_3,3,Normal,22.78,sensor
42.6,2025-04-11T07:40:49.159851,2025-04-11T07:40:49.163932,sensor_5,5,Normal,19.24,sensor
40.27,2025-04-11T07:40:50.164387,2025-04-11T07:40:50.167721,sensor_1,5,Warning,24.47,sensor
46.09,2025-04-11T07:40:51.168142,2025-04-11T07:40:51.173661,sensor_4,5,Normal,19.41,sensor
54.23,2025-04-11T07:40:52.174544,2025-04-11T07:40:52.179089,sensor_4,4,Normal,20.65,sensor
45.18,2025-04-11T07:40:53.182221,2025-04-11T07:40:53.391477,sensor_5,5,Normal,20.79,sensor
51.85,2025-04-11T07:40:55.196224,2025-04-11T07:40:55.201324,sensor_5,4,Normal,19.11,sensor
51.85,2025-04-11T07:40:58.213756,2025-04-11T07:40:58.219898,sensor_4,3,Low,18.04,sensor
59.58,2025-04-11T07:40:59.220575,2025-04-11T07:40:59.226788,sensor_5,3,Normal,21.2,sensor
40.78,2025-04-11T07:41:00.228196,2025-04-11T07:41:00.233834,sensor_5,4,Low,18.67,sensor
53.14,2025-04-11T07:41:01.235055,2025-04-11T07:41:01.240557,sensor_5,3,Warning,24.97,sensor
46.52,2025-04-11T07:41:06.269959,2025-04-11T07:41:06.676966,sensor_4,5,Low,18.35,sensor
41.88,2025-04-11T07:41:08.288093,2025-04-11T07:41:08.291740,sensor_4,5,Normal,21.79,sensor
48.99,2025-04-11T07:41:09.293065,2025-04-11T07:41:09.294792,sensor_1,3,Normal,21.1,sensor
57.86,2025-04-11T07:41:10.295857,2025-04-11T07:41:10.301752,sensor_5,5,Warning,24.22,sensor
46.76,2025-04-11T07:41:14.323736,2025-04-11T07:41:14.325265,sensor_1,4,Normal,22.02,sensor
59.76,2025-04-11T07:41:16.334451,2025-04-11T07:41:16.339036,sensor_3,4,Normal,21.52,sensor
47.84,2025-04-11T07:41:22.366731,2025-04-11T07:41:22.371396,sensor_3,4,Normal,19.17,sensor
58.25,2025-04-11T07:41:23.372581,2025-04-11T07:41:23.377026,sensor_1,5,Normal,23.69,sensor
45.18,2025-04-11T07:41:26.391031,2025-04-11T07:41:26.394297,sensor_3,3,Warning,24.32,sensor
46.25,2025-04-11T07:41:28.400973,2025-04-11T07:41:28.406227,sensor_4,3,Low,18.38,sensor
53.91,2025-04-11T07:41:31.419804,2025-04-11T07:41:31.436709,sensor_1,5,Normal,19.12,sensor
57.9,2025-04-11T07:41:33.435891,2025-04-11T07:41:33.441179,sensor_2,3,Normal,21.09,sensor
54.67,2025-04-11T07:41:34.442904,2025-04-11T07:41:34.450955,sensor_1,4,Normal,22.32,sensor
40.92,2025-04-11T07:41:35.450636,2025-04-11T07:41:35.762644,sensor_2,5,Normal,20.74,sensor
40.94,2025-04-11T07:41:37.459566,2025-04-11T07:41:37.465263,sensor_4,5,Normal,20.14,sensor
47.06,2025-04-11T07:41:39.471573,2025-04-11T07:41:39.476049,sensor_4,3,Normal,19.03,sensor
58.75,2025-04-11T07:41:41.483632,2025-04-11T07:41:41.488202,sensor_5,5,Normal,20.0,sensor
46.65,2025-04-11T07:41:42.488826,2025-04-11T07:41:42.496922,sensor_3,5,Warning,24.81,sensor
44.98,2025-04-11T07:41:43.497745,2025-04-11T07:41:43.504724,sensor_2,4,Low,18.93,sensor
58.92,2025-04-11T07:41:44.505612,2025-04-11T07:41:44.512812,sensor_5,3,Warning,24.81,sensor
56.85,2025-04-11T07:41:45.513723,2025-04-11T07:41:45.519982,sensor_2,3,Normal,22.26,sensor
45.33,2025-04-11T07:41:47.526811,2025-04-11T07:41:47.533254,sensor_3,3,Normal,21.95,sensor
40.43,2025-04-11T07:41:49.540649,2025-04-11T07:41:49.546511,sensor_4,4,Warning,24.81,sensor
57.74,2025-04-11T07:41:51.552832,2025-04-11T07:41:51.558637,sensor_3,5,Warning,24.23,sensor
40.12,2025-04-11T07:41:53.562881,2025-04-11T07:41:53.570533,sensor_2,5,Normal,19.43,sensor
42.92,2025-04-11T07:41:56.586051,2025-04-11T07:41:56.592361,sensor_1,5,Normal,20.33,sensor
55.8,2025-04-11T07:41:59.616047,2025-04-11T07:41:59.622405,sensor_2,5,Low,18.45,sensor
48.17,2025-04-11T07:42:03.645034,2025-04-11T07:42:03.650959,sensor_5,4,Normal,19.96,sensor
48.29,2025-04-11T07:42:04.652121,2025-04-11T07:42:04.657641,sensor_3,4,Normal,20.48,sensor
59.19,2025-04-11T07:42:05.658633,2025-04-11T07:42:05.663793,sensor_1,4,Low,18.94,sensor
43.24,2025-04-11T07:42:06.664251,2025-04-11T07:42:06.667663,sensor_3,5,Normal,22.83,sensor
45.89,2025-04-11T07:42:07.668864,2025-04-11T07:42:07.676016,sensor_4,3,Low,18.01,sensor
53.33,2025-04-11T07:42:09.680853,2025-04-11T07:42:09.688500,sensor_1,5,Warning,24.2,sensor
42.45,2025-04-11T07:42:10.688391,2025-04-11T07:42:10.691306,sensor_1,4,Normal,22.32,sensor
43.23,2025-04-11T07:42:11.694167,2025-04-11T07:42:11.699480,sensor_4,3,Normal,20.95,sensor
47.8,2025-04-11T07:42:13.707516,2025-04-11T07:42:13.712721,sensor_2,4,Normal,21.46,sensor
46.18,2025-04-11T07:42:15.720693,2025-04-11T07:42:15.722418,sensor_4,4,Normal,20.19,sensor
41.01,2025-04-11T07:42:17.735270,2025-04-11T07:42:17.742580,sensor_2,3,Warning,24.53,sensor
50.37,2025-04-11T07:42:21.758462,2025-04-11T07:42:21.764084,sensor_4,5,Normal,20.9,sensor
52.33,2025-04-11T07:42:22.764322,2025-04-11T07:42:22.767065,sensor_1,5,Warning,24.2,sensor
50.68,2025-04-11T07:42:25.787705,2025-04-11T07:42:25.789391,sensor_1,3,Normal,23.3,sensor
47.42,2025-04-11T07:42:31.819564,2025-04-11T07:42:31.827484,sensor_1,3,Normal,19.59,sensor
42.31,2025-04-11T07:42:33.833244,2025-04-11T07:42:33.838874,sensor_2,3,Normal,19.44,sensor
43.4,2025-04-11T07:42:35.847199,2025-04-11T07:42:35.854640,sensor_2,3,Normal,23.72,sensor
59.02,2025-04-11T07:42:36.856423,2025-04-11T07:42:36.861229,sensor_1,5,Normal,19.88,sensor
42.04,2025-04-11T07:42:39.872929,2025-04-11T07:42:39.879996,sensor_4,3,Normal,20.45,sensor
55.59,2025-04-11T07:42:41.888579,2025-04-11T07:42:41.897285,sensor_4,4,Normal,23.63,sensor
55.86,2025-04-11T07:42:42.898499,2025-04-11T07:42:42.903492,sensor_2,3,Normal,22.1,sensor
46.77,2025-04-11T07:42:46.925195,2025-04-11T07:42:46.929218,sensor_5,5,Low,18.26,sensor
51.02,2025-04-11T07:42:48.940826,2025-04-11T07:42:48.946112,sensor_1,5,Normal,20.56,sensor
47.83,2025-04-11T07:42:49.946747,2025-04-11T07:42:49.952714,sensor_5,4,Normal,20.63,sensor
49.32,2025-04-11T07:42:51.957760,2025-04-11T07:42:51.963979,sensor_2,4,Normal,19.92,sensor
48.85,2025-04-11T07:42:52.964783,2025-04-11T07:42:52.969950,sensor_3,3,Warning,24.53,sensor
42.72,2025-04-11T07:42:56.993594,2025-04-11T07:42:56.999494,sensor_5,5,Low,18.47,sensor
52.09,2025-04-11T07:42:58.000747,2025-04-11T07:42:58.008541,sensor_1,3,Warning,24.77,sensor
54.56,2025-04-11T07:42:59.009705,2025-04-11T07:42:59.015650,sensor_1,3,Normal,23.33,sensor
53.99,2025-04-11T07:43:01.028982,2025-04-11T07:43:01.035063,sensor_3,5,Normal,19.02,sensor
41.5,2025-04-11T07:43:03.045559,2025-04-11T07:43:03.052851,sensor_4,5,Normal,20.92,sensor
42.8,2025-04-11T07:43:05.060017,2025-04-11T07:43:05.066089,sensor_4,3,Warning,24.54,sensor
58.06,2025-04-11T07:43:07.074951,2025-04-11T07:43:07.080937,sensor_5,5,Normal,19.43,sensor
46.44,2025-04-11T07:43:08.081516,2025-04-11T07:43:08.084131,sensor_4,5,Normal,19.91,sensor
55.77,2025-04-11T07:43:10.098448,2025-04-11T07:43:10.103012,sensor_5,4,Normal,21.97,sensor
54.14,2025-04-11T07:43:12.108415,2025-04-11T07:43:12.114820,sensor_3,5,Normal,20.92,sensor
50.99,2025-04-11T07:43:13.115702,2025-04-11T07:43:13.123778,sensor_3,4,Normal,22.7,sensor
54.6,2025-04-11T07:43:15.130352,2025-04-11T07:43:15.136536,sensor_4,3,Normal,23.35,sensor
48.66,2025-04-11T07:43:17.149689,2025-04-11T07:43:17.152725,sensor_1,5,Warning,24.86,sensor
54.43,2025-04-11T07:43:19.162185,2025-04-11T07:43:19.166053,sensor_1,5,Normal,19.87,sensor
